1637929129398,"""hi"""
1637929571091,"""hi"""
1637929706547,"""hi"""
1637929763744,"""hi"""
1637929904386,"""hi"""
1637929949349,"""hi"""
1637929968178,"""hi"""
1637929971811,"""hi"""
1637929989818,"""hi"""
1637930433033,"""hi"""
1637930495946,"""hi"""
1637930507131,"""hi"""
1637930545201,"""hi"""
1637930561590,"""hi"""
1637930561810,"""hi"""
1637930562015,"""hi"""
1637930562311,"""hi"""
1637930657920,"""hi"""
1637930658125,"""hi"""
1637930658280,"""hi"""
1637930680837,"""hi"""
1637930843623,"""hi"""
1637930843764,"""hi"""
1637930871980,"""hi"""
1637930888063,"""hi"""
1637930956668,"""hi"""
1637930960057,"""hi"""
1637930960260,"""hi"""
1637930960432,"""hi"""
1637930983275,"""hi"""
1637931119231,"""hi"""
1637931328795,"""hi"""
1637931334843,"""hi"""
1637931382531,"""hi"""
1637931412072,"""hi"""
1637939922897,"""hi"""
1637939929890,"""hi"""
1637940041427,"""hi"""
1637940054467,"""hi"""
1637940088607,"""hi"""
1637940167152,"""hi"""
1637940388495,"""hi"""
1637940702501,"""hi"""
1637940736347,"""hi"""
1637940929743,"""hi"""
1637941095962,"""hi"""
1637941164794,"""hi"""
1637941263005,"""hi"""
1637941338348,"""hi"""
1637941385102,"""hi"""
1637941420577,"""hi"""
1637941679943,"""hi"""
1637941707180,"""hi"""
1637941722449,"""hi"""
1637941726451,"""hi"""
1637941736351,"""hi"""
1637941857571,"""hi"""
1637941878744,"""hi"""
1637941960734,"""hi"""
1637942578376,"""hi"""
1637943701983,"""hi"""
1637943831410,"""hi"""
1637943834367,"""hi"""
1637943837840,"""hi"""
1638075963273,"""het"""
1638076060611,"""das"""
1638076305136,"""hi there"""
1638076327271,"""hey"""
1638076840586,"""dasda"""
1638076847289,"""ehehhehe"""
1638076851298,"""what"""
1638076861571,"""me and your ghost"""
1638078975187,"""heheh"""
1638081779359,"""dsadas"""
1638082057401,"""dsada"""
1638082671738,"""dasda"""
1638082680676,"""faa"""
1638082707478,"""buzz"""
1638082800276,"""{\""user\"":\""2b09ae33-fd74-421f-836f-08212a45aa9c\"",\""type\"":\""chat\"",\""message\"":\""hi\""}"""
1638082880752,"""{\""user\"":\""767e5adf-c0e6-4d9d-b525-922261cdde7a\"",\""type\"":\""chat\"",\""message\"":\""ikant\""}"""
1638082957924,"""{\""user\"":\""cbbe8672-f582-4b95-903a-6cf1ee74ecf0\"",\""type\"":\""chat\"",\""message\"":\""biggie\""}"""
1638083014857,"""{\""user\"":\""b5cc09b5-c39e-4d5a-a736-229b5b5f79d8\"",\""type\"":\""chat\"",\""message\"":\""hh\""}"""
1638083028614,"""{\""user\"":\""cbbe8672-f582-4b95-903a-6cf1ee74ecf0\"",\""type\"":\""chat\"",\""message\"":\""test\""}"""
1638083062910,"""{\""user\"":\""b5cc09b5-c39e-4d5a-a736-229b5b5f79d8\"",\""type\"":\""chat\"",\""message\"":\""dd\""}"""
1638083080974,"""{\""user\"":\""41538e71-14ca-453e-99ee-d796e1c3dfa3\"",\""type\"":\""chat\"",\""message\"":\""jj\""}"""
1638083135881,"""{\""user\"":\""41538e71-14ca-453e-99ee-d796e1c3dfa3\"",\""type\"":\""chat\"",\""message\"":\""das\""}"""
1638083152828,"""{\""user\"":\""41538e71-14ca-453e-99ee-d796e1c3dfa3\"",\""type\"":\""chat\"",\""message\"":\""dasda\""}"""
1638083159522,"""{\""user\"":\""41538e71-14ca-453e-99ee-d796e1c3dfa3\"",\""type\"":\""chat\"",\""message\"":\""ds\""}"""
1638083162622,"""{\""user\"":\""41538e71-14ca-453e-99ee-d796e1c3dfa3\"",\""type\"":\""chat\"",\""message\"":\""das\""}"""
1638083243737,"""{\""user\"":\""eeddba57-077f-44a6-b493-a8913a522f86\"",\""type\"":\""chat\"",\""message\"":\""test\""}"""
1638083250058,"""{\""user\"":\""eeddba57-077f-44a6-b493-a8913a522f86\"",\""type\"":\""chat\"",\""message\"":\""f\""}"""
1638083251993,"""{\""user\"":\""eeddba57-077f-44a6-b493-a8913a522f86\"",\""type\"":\""chat\"",\""message\"":\""sda\""}"""
1638083253391,"""{\""user\"":\""eeddba57-077f-44a6-b493-a8913a522f86\"",\""type\"":\""chat\"",\""message\"":\""asd\""}"""
1638083275005,"""{\""user\"":\""eeddba57-077f-44a6-b493-a8913a522f86\"",\""type\"":\""chat\"",\""message\"":\""sada\""}"""
1638083282051,"""{\""user\"":\""8b2f6cd7-9db4-4dc1-a21c-20d384a080b1\"",\""type\"":\""chat\"",\""message\"":\""test\""}"""
1638083317730,"""{\""user\"":\""8b2f6cd7-9db4-4dc1-a21c-20d384a080b1\"",\""type\"":\""chat\"",\""message\"":\""talkin\""}"""
1638083325482,"""{\""user\"":\""8ee5bd90-541d-49ad-8968-0ed8b8d00684\"",\""type\"":\""chat\"",\""message\"":\""talkin\""}"""
1638083329463,"""{\""user\"":\""8ee5bd90-541d-49ad-8968-0ed8b8d00684\"",\""type\"":\""chat\"",\""message\"":\""about\""}"""
1638083332049,"""{\""user\"":\""8ee5bd90-541d-49ad-8968-0ed8b8d00684\"",\""type\"":\""chat\"",\""message\"":\""life\""}"""
1638083351634,"""{\""user\"":\""9c8cc49a-200a-43fe-87fb-e75e79cd93a4\"",\""type\"":\""chat\"",\""message\"":\""im starting the session\""}"""
1638083362723,"""{\""user\"":\""8ee5bd90-541d-49ad-8968-0ed8b8d00684\"",\""type\"":\""chat\"",\""message\"":\""thanks!\\n\""}"""
1638083376135,"""{\""user\"":\""9c8cc49a-200a-43fe-87fb-e75e79cd93a4\"",\""type\"":\""chat\"",\""message\"":\""im gonna hold it\""}"""
1638083889202,"""{\""user\"":\""1ef5f182-2b2a-430e-b81a-9cc91b22b9b8\"",\""type\"":\""joinAnnouncement\""}"""
1638083892963,"""{\""user\"":\""6bea97e2-7bcc-4fa3-be3b-1900496ffee1\"",\""type\"":\""joinAnnouncement\""}"""
1638083904239,"""{\""user\"":\""6bea97e2-7bcc-4fa3-be3b-1900496ffee1\"",\""type\"":\""chat\"",\""message\"":\""dsa\""}"""
1638083906694,"""{\""user\"":\""6bea97e2-7bcc-4fa3-be3b-1900496ffee1\"",\""type\"":\""chat\"",\""message\"":\""d\""}"""
1638083913780,"""{\""user\"":\""1ef5f182-2b2a-430e-b81a-9cc91b22b9b8\"",\""type\"":\""chat\"",\""message\"":\""das\""}"""
1638083954806,"""{\""user\"":\""e6a57684-3a74-46d4-afa0-2124580a0f61\"",\""type\"":\""joinAnnouncement\""}"""
1638083960289,"""{\""user\"":\""8af751f5-3d1c-4b40-b3de-f2c819c58890\"",\""type\"":\""joinAnnouncement\""}"""
1638083965185,"""{\""user\"":\""8af751f5-3d1c-4b40-b3de-f2c819c58890\"",\""type\"":\""chat\"",\""message\"":\""das\""}"""
1638084302839,"""{\""user\"":\""c350e8c9-d41f-409e-b3b8-f976cb743110\"",\""type\"":\""ping\""}"""
1638084302902,"""{\""user\"":\""50ba033d-7540-41f0-afbe-72c21b9c21fd\"",\""type\"":\""ping\""}"""
1638084372884,"""{\""user\"":\""63794745-dc88-46be-ba5c-ac6debd9e502\"",\""type\"":\""ping\""}"""
1638084372885,"""{\""user\"":\""63794745-dc88-46be-ba5c-ac6debd9e502\"",\""type\"":\""ping\""}"""
1638084372912,"""{\""user\"":\""75da3639-4a04-47be-ae66-dad5cd08c1a4\"",\""type\"":\""ping\""}"""
1638084372913,"""{\""user\"":\""75da3639-4a04-47be-ae66-dad5cd08c1a4\"",\""type\"":\""ping\""}"""
1638084396409,"""{\""user\"":\""2560f705-7db3-4de1-86f8-e63280a85d44\"",\""type\"":\""ping\""}"""
1638084396409,"""{\""user\"":\""2560f705-7db3-4de1-86f8-e63280a85d44\"",\""type\"":\""ping\""}"""
1638084427656,"""{\""user\"":\""c9d06b16-2176-4edd-9219-bf4c6969e3da\"",\""type\"":\""ping\""}"""
1638084427657,"""{\""user\"":\""c9d06b16-2176-4edd-9219-bf4c6969e3da\"",\""type\"":\""ping\""}"""
1638084436021,"""{\""user\"":\""d62c176b-b758-47e9-b152-a5d75c841ce8\"",\""type\"":\""ping\""}"""
1638084436022,"""{\""user\"":\""d62c176b-b758-47e9-b152-a5d75c841ce8\"",\""type\"":\""ping\""}"""
1638084440102,"""{\""user\"":\""35adb8dd-b8e4-497e-af44-1573fb35cdf2\"",\""type\"":\""ping\""}"""
1638084440103,"""{\""user\"":\""35adb8dd-b8e4-497e-af44-1573fb35cdf2\"",\""type\"":\""ping\""}"""
1638084469843,"""{\""user\"":\""ac52da9d-892d-417b-90f4-bdb149ef8857\"",\""type\"":\""ping\""}"""
1638084469843,"""{\""user\"":\""ac52da9d-892d-417b-90f4-bdb149ef8857\"",\""type\"":\""ping\""}"""
1638084469917,"""{\""user\"":\""5282c462-3b46-442d-982d-d57ca64844b5\"",\""type\"":\""ping\""}"""
1638084469917,"""{\""user\"":\""5282c462-3b46-442d-982d-d57ca64844b5\"",\""type\"":\""ping\""}"""
1638084690812,"""{\""user\"":\""549267a4-0d23-4726-9a95-578c92103796\"",\""type\"":\""ping\""}"""
1638084690814,"""{\""user\"":\""549267a4-0d23-4726-9a95-578c92103796\"",\""type\"":\""ping\""}"""
1638084690817,"""{\""user\"":\""ec52dbc5-31c5-4e4a-910a-e61a5d77a513\"",\""type\"":\""ping\""}"""
1638084690818,"""{\""user\"":\""ec52dbc5-31c5-4e4a-910a-e61a5d77a513\"",\""type\"":\""ping\""}"""
1638084798880,"""{\""user\"":\""ede3909a-a013-4436-8d6b-4a89369aafa4\"",\""type\"":\""ping\""}"""
1638084798883,"""{\""user\"":\""32d9ca06-0789-4ab0-ace9-e945970816c5\"",\""type\"":\""ping\""}"""
1638084798881,"""{\""user\"":\""ede3909a-a013-4436-8d6b-4a89369aafa4\"",\""type\"":\""ping\""}"""
1638084798892,"""{\""user\"":\""32d9ca06-0789-4ab0-ace9-e945970816c5\"",\""type\"":\""ping\""}"""
1638085002716,"""{\""user\"":\""927725be-870e-415e-955f-6c2cd4a1c8ef\"",\""type\"":\""ping\""}"""
1638085002718,"""{\""user\"":\""927725be-870e-415e-955f-6c2cd4a1c8ef\"",\""type\"":\""ping\""}"""
1638085073376,"""{\""user\"":\""81c52e48-c4e6-49eb-856d-60193287f467\"",\""type\"":\""ping\""}"""
1638085073377,"""{\""user\"":\""81c52e48-c4e6-49eb-856d-60193287f467\"",\""type\"":\""ping\""}"""
1638085081861,"""{\""user\"":\""de9a4b07-000d-41dc-9c75-a5b837f1a07d\"",\""type\"":\""ping\""}"""
1638085081861,"""{\""user\"":\""de9a4b07-000d-41dc-9c75-a5b837f1a07d\"",\""type\"":\""ping\""}"""
